{"FN": 3.0, "FP": 3.0, "TN": 528.0, "TP": 39.0, "best-f1": 0.9285662075099688, "best_valid_loss": null, "latency": 8.333055564814506, "pot-FN": 0.0, "pot-FP": 63.0, "pot-TN": 468.0, "pot-TP": 42.0, "pot-f1": 0.5714244120794495, "pot-latency": 0.24999375015624611, "pot-precision": 0.3999999619047655, "pot-recall": 0.9999997619048185, "pot-threshold": -13.249242602536142, "precision": 0.9285712074830458, "pred_time": 1.268299162387848, "pred_total_time": 15.229295015335083, "recall": 0.9285712074830458, "threshold": -117.0, "train_time": 21.076380252838135, "valid_time": NaN}